"Country","x1998","x1999","x2000","x2001","x2002","x2003","x2004","x2005","x2006","x2007"
"Alaska",2.10963445177788,2.04150349687507,2.31056920432081,2.39866868598158,2.29915375214677,2.10648082950748,2.15249226748424,2.32293860183005,2.37775926432505,2.18362420774352
"Albania",0.319989361086957,0.276304537666667,0.29131827707971,0.299796379427536,0.272557828507246,0.250940604963768,0.316709252478261,0.266054119224638,0.335379962384058,0.316749406217391
"Algeria",0.26112722999376,0.283109847224649,0.267312915683307,0.294944870588924,0.274250825351014,0.25389113724103,0.262281262134945,0.247171128199688,0.306724897559282,0.315175628736349
"American Samoa",0.0520351407820513,0.0576118371955128,0.0489474145737179,0.0537782133557692,0.0664615860352564,0.0696362803717949,0.0551195355576923,0.064432987900641,0.0491731166185897,0.055902504676282
"Andaman and Nicobar",0.332588836887919,0.234738984975839,0.228980721246309,0.237895945045638,0.222832875269128,0.209895353109396,0.228311147130872,0.223807550279195,0.214162584918121,0.236363587701342
"Angola",2.10147062585696,2.23849052887786,1.97010074055911,2.01282928361855,2.36518857348269,2.05988714918354,2.03930593407838,2.16094572757609,2.51708405448726,2.25472560372436
"Anguilla",0.102425908032558,0.104116476795349,0.107272107083721,0.108276533186047,0.105351214334884,0.0966077937395349,0.0958831606744186,0.0930984237488372,0.102329253739535,0.0986320553813953
"Antarctica",1.14180188526231,1.22383729669453,1.32192164551554,1.32390541667192,1.15207971122895,0.863565617979784,0.99600916777701,0.957264984232903,1.32929567956004,1.20396821834974
"Antigua and Barbuda",0.141097107091324,0.125446076881279,0.137945858155251,0.13830361877169,0.136640684958904,0.119499738461187,0.121503063232877,0.122992786456621,0.121715070497717,0.133132588972603
"Argentina",2.08730950537599,1.80404224522383,1.73323911904705,2.03258755266887,2.14435530264974,1.96862172643558,1.78265608975484,1.81515956565259,1.85737669225088,1.98595869456508
"Australia",0.612488973894145,0.596826195604354,0.583711435027418,0.587765848625159,0.572195080845567,0.593229568664174,0.58644532082578,0.580288679239483,0.595602189591281,0.586710838771657
"Azores",0.183798639434748,0.199330382833467,0.191440243802242,0.256513935165733,0.305192965472378,0.25059358234988,0.156114354915933,0.184103259051241,0.18486368603763,0.176106360939952
"Bahamas",0.514806128616129,0.513356570582581,0.487300622552903,0.49471679367,0.47544639505871,0.508682052012581,0.51632323759,0.488547691763871,0.489145206131935,0.532953231116774
"Bahrain",2.35829840818293,2.02121306095122,2.17197834373171,2.19731714540244,2.25325433185366,2.24897717841463,2.19825602917073,2.2722032539878,2.33765138480488,2.45112747743902
"Bangladesh",4.42519120027542,4.19362367189619,3.79636434823517,3.92092372452966,3.75027490214407,3.90826421794068,3.95227147028178,4.03482164533686,3.64546729402542,4.20906804273305
"Barbados",0.158426653958838,0.245483844053269,0.217339104549637,0.297073140079903,0.223681371464891,0.292006458484261,0.202616775300242,0.182547957072639,0.180979636946731,0.324167691397094
"Belgium",4.30531243157407,6.51419289187037,4.84742327648148,7.30497448042593,5.01321928938889,6.18854892525926,4.33576012262963,3.89050583162963,4.12519197001852,7.62081036727778
"Belize",0.667003406138776,0.648592019281633,0.577660358779592,0.539761579106122,0.576933387677551,0.528117826787755,0.535520553469388,0.667786198493878,0.587064723979592,0.553300807616326
"Benin",0.470735903371901,0.474067615892562,0.49877223138843,0.351838127595041,0.46020277468595,0.585480334909091,0.394395793173554,0.488617019090909,0.631760675024793,0.591864068190083
"Bermuda",0.141469103585242,0.112443770310433,0.115254591264631,0.127797935109415,0.110304926938931,0.110897967048346,0.11484248664631,0.114271315124682,0.141543544793893,0.117290649374046
"Bouvet Island",0.234911225037783,0.226978607390428,0.380188355498741,0.194933033221662,0.189026055755667,0.286313865677582,0.221891733083123,0.312767554586902,0.250036159496222,0.246316059833753
"Brazil",1.79986215054205,1.63521429136688,1.73025911242909,1.74447076752451,1.73534059819896,1.72115001635238,1.52320105026247,1.50711661417155,1.69292424906888,1.73876963522129
"British Indian Ocean Territory",0.141117446123515,0.162706273102138,0.142754152057007,0.149475234562945,0.160770875900238,0.13261204723753,0.147017367434679,0.151587928182898,0.163295654356295,0.145732188790974
"British Virgin Islands",0.136107805989071,0.125709392508197,0.136803784431694,0.129145284120219,0.125434286142076,0.125703039557377,0.13200981526776,0.116774061650273,0.126844213098361,0.122227014836066
"Bulgaria",1.625085416268,2.457351084948,1.807626706328,2.141032998776,1.59058009338,1.028048402324,1.286282261364,1.448876148852,1.759703433444,1.099112338944
"Cambodia",0.529048422522936,0.549350014206422,0.537917852857798,0.540112449472477,0.529039425880734,0.607765220582569,0.513599321889908,0.579651030775229,0.488143150417431,0.566593664619266
"Cameroon",3.18799167880645,3.62861609812097,4.02953134699194,3.62910082009677,3.58761357387903,2.76916465777419,5.39557225098387,4.12537991930645,3.95044851748387,4.0923153966371
"Canada",1.62553736918048,1.58192175976015,1.70750885203591,1.64701884541453,1.68720569232772,1.5559575244755,1.5431287849451,1.58359780846526,1.84363510474674,1.684224473147
"Canary Islands",0.190852724294258,0.218660332199761,0.172723197072967,0.155501205906699,0.165409005853469,0.158370536843301,0.161196732653708,0.190141757861244,0.175587536986244,0.173012361654306
"Cape Verde",1.27929729464334,0.555612241883591,0.3345549404613,0.333652877507121,0.270790433404334,0.309211280839009,0.282152590657585,0.256458831585139,0.293983873276161,0.357600303635294
"Cayman Islands",0.112451734721719,0.1048214385,0.102786567721719,0.104645311701357,0.102650968325792,0.103620896861991,0.0962578711561086,0.104539101142534,0.100881599536199,0.104422855968326
"Chile",1.50142313926471,1.86890361888088,1.57007119830425,1.40606154930801,1.5423969752415,1.57864938788529,1.45639956487778,1.87882842054641,1.82993150548252,1.71875025170588
"China",3.16682779119039,3.34101192548566,3.14294696883086,3.24152226709796,3.15276829106082,3.24540309517865,3.12544126522944,3.25418884426693,3.37869574212802,3.34987392088545
"Colombia",0.803840267939306,0.806728953601156,0.886959281881503,0.838754718502312,0.762085164988439,0.723270775504046,0.689259802162428,0.707976381523699,0.764276910228902,0.823739384515029
"Comoro Islands",0.126969408831429,0.125692222507143,0.161900603062857,0.147646169501429,0.169919883557143,0.156562740028571,0.14123690051,0.148587801422857,0.152920520608571,0.13788424649
"Cook Islands",0.0491006791417722,0.0434739003341772,0.0421841376278481,0.041525407364557,0.0381184251696203,0.0369253913544304,0.0358692597392405,0.041924813435443,0.0406733526835443,0.0390006565670886
"Costa Rica",0.284251636748804,0.550970070308612,0.575954633629187,0.631902087003589,0.434004156732057,0.359720251064593,0.51211152897488,0.360706294827751,0.346921322066986,0.423200542361244
"Croatia",0.350626331055556,0.30345865465,0.309120893834722,0.331102110394444,0.294467893144444,0.242452774715278,0.282370364727778,0.274048022255556,0.2828507481,0.262903788151389
"Cuba",0.438760078467487,0.444101072532865,0.422905601680492,0.432672904101582,0.447065763191213,0.440011267406678,0.415081628992619,0.490352579843937,0.515002590201406,0.50071794706116
"Cyprus",0.113809898630919,0.112285000728412,0.11740816867688,0.10939709971727,0.110805615740947,0.107017718791086,0.102566126470752,0.100671154203343,0.113049854253482,0.119898848153203
"Denmark",4.97607483735886,3.93700845267287,4.42508053304923,3.46572687999672,3.91041177379103,3.25040884246608,3.51248641966302,3.285160299593,3.99075036219694,5.34741831635339
"Djibouti",0.740399942735294,0.690296220985294,0.555446650676471,0.539513672573529,0.6334566085,0.657322806352941,0.822702642455882,0.946512519838235,0.812741819397059,0.681133766014706
"Dominica",0.148762666358108,0.150490440743243,0.159226205344595,0.149468006790541,0.152198148804054,0.173420948621622,0.152970721533784,0.127283809027027,0.157038095398649,0.175459449581081
"Dominican Republic",0.127418350814509,0.109136974683196,0.116329666660239,0.112659721184573,0.110181023218549,0.110387761435262,0.114812652832874,0.104522609863177,0.119395740760331,0.120441309374656
"Ecuador",0.598757300188453,0.597735947368192,0.780046099591503,0.859244395296841,0.587623554882898,0.617450998448257,0.548385089090959,0.519149122815904,0.66215047397549,0.614673841616013
"Egypt",0.225090242942614,0.219202083648778,0.253845593708289,0.241746072183316,0.239878687250797,0.238724390785335,0.223802366352816,0.221500465077577,0.236221130478746,0.260874174778427
"El Salvador",0.399209492345725,0.603553689182156,0.937292094245353,0.900897094133829,0.719042293531599,0.580537313579926,0.86832287567658,0.673465843944238,0.571942483996283,0.679880531018587
"Equatorial Guinea",1.09037882196893,1.20406083383495,1.13585808975728,0.934038508811651,0.981175992180582,0.981308980759223,1.63070754921748,1.03029312339806,1.12236913958058,1.07542343057476
"Eritrea",1.36176053263165,1.48822564819918,1.40631324282128,1.48157617847476,1.46643241427694,1.77865807107503,1.88125428736699,1.79180343770396,1.98243075521828,1.68027718430969
"Estonia",7.65855556537736,10.1759583583509,8.54389027567547,9.53906078084906,10.2190518195321,8.07613754976415,9.04020233985849,11.6905238346962,10.4235732224038,10.9610116859264
"Faeroe Islands",0.687383862705382,1.06625116115439,0.836205214334278,1.20914029567989,1.11834930424079,1.09910230013739,1.28934502391501,0.722894489893768,0.833290807655807,0.69399610736119
"Falkland Islands",1.36099736728915,1.61483393144264,1.08150492975194,1.06840990056512,1.42516775280388,1.20517022131163,1.30374558840233,1.01132273926124,1.22776928712868,1.49236180211318
"Fiji",0.156216487694656,0.163546604515267,0.171202896265649,0.161886324567939,0.161096565324427,0.167700963103053,0.167162962220611,0.162745540646565,0.172503501229008,0.175761251787023
"Finland",8.27632377713537,8.92661309447744,8.85660844639228,9.68945755334352,9.80119649709098,8.3237871305262,8.38312183243013,9.92583788811863,10.3705665381776,10.6216402154985
"France",1.29904106586451,1.29713217349413,1.46846584372357,1.64984791866149,1.19709909342953,1.26278618288716,1.27521921607508,1.07360707925419,1.20195073056879,1.42014907424455
"French Guiana",2.80644510309581,3.48286119426946,3.72467955261976,3.97967479268563,3.29322071846707,3.53594242273353,3.26391535652395,3.10145719596707,3.5787184935479,3.54861952942216
"French Polynesia",0.0653495569484127,0.0650507962242064,0.0692461045099206,0.0637484060099206,0.0588235584126984,0.0557429757638889,0.057101056109127,0.0523544006587302,0.056634580359127,0.0571287514484127
"Gabon",1.87540163551471,1.49545644820053,1.44775377102139,1.97923938794786,2.32592585848396,1.78150756158289,1.60277661241578,1.74945959399198,1.88664629384358,1.89451745031283
"Gambia",4.66522539737097,7.10771535667742,8.12507690327419,6.14302854462903,3.97531365667742,5.41068541874194,5.88506716951613,5.77495951209677,7.37231409269355,4.63114695425806
"Georgia",1.29461233325984,1.23342842528346,1.17511442902362,1.38892431037008,1.0241971007874,0.944333685937008,0.947301197027559,0.897605183188976,1.05359418419291,1.08468584705512
"Germany",4.91506583618182,5.90860126525947,5.60121639622917,5.75942355292235,5.39304338211932,5.03348364921591,5.37482713460417,5.24892582369697,6.18889731391856,7.26275592743561
"Ghana",0.573594735969125,0.687591941653516,0.785656630982847,0.704743164790738,0.582443778632933,0.836712031493997,0.671861104473413,0.790399910943396,0.669446945006861,0.555062371288165
"Glorioso Islands",0.130466907573066,0.135431279051576,0.170148523507163,0.157425440025788,0.170591994888252,0.157424514931232,0.141812990186246,0.144149042048711,0.158442439071633,0.136373226510029
"Greece",0.179652141105263,0.175211661417665,0.168836400629234,0.144197421664409,0.155218726168317,0.170741733990099,0.163536396608911,0.161353152954143,0.190004511846535,0.167402788525534
"Greenland",1.00556618446482,1.03151131184798,1.04377450288357,1.02287614335272,1.06506088813518,1.03140199267379,0.977610046315323,0.845463172853024,1.13328250679819,1.16524312765857
"Grenada",0.751154648290984,0.628844612372951,0.906131016557377,0.524206234786885,0.677788302110656,0.742139598569672,0.658801846008197,0.565987374860656,0.817175256122951,0.741851085286885
"Guadeloupe and Martinique",0.14314028542065,0.150920007388145,0.158577546265774,0.15770888657935,0.155466090040153,0.182012071887189,0.155533829216061,0.135514551424474,0.152746464391969,0.178347808948375
"Guatemala",0.437684251382838,0.515977673323432,0.715897022270627,0.605356806564356,0.6900406199967,0.552968855848185,0.728290662244224,0.645579561247525,0.600367197557756,0.681909360828383
"Guernsey",1.36438260964336,1.26619689682517,1.40366797166434,1.30470164323776,1.32389351771329,2.24079449661538,1.40253026537762,1.22808922992308,1.39480509925175,1.17779013988112
"Guinea",2.4868675150456,2.44375292167427,3.11893846930619,2.60769282841042,2.47354134508469,2.47081777890879,2.19888256361238,2.44167866235505,2.75528602469055,2.23628297754397
"Guinea Bissau",4.531865953075,4.78653554118333,4.8370727500125,4.31266699574583,4.26263992915417,4.7038617739,4.3529415401875,4.34053830343333,4.8705208924,4.236477158125
"Guyana",3.07430434682561,3.76484309359382,3.3947010795011,3.10358245796909,2.74577655142605,3.03153623697792,2.95976245613907,3.0877226306468,3.26802858582781,3.58999452094702
"Haiti",0.121127479247191,0.107610150081149,0.108097933456929,0.107500797362047,0.104964974076155,0.10072509366417,0.100364095132335,0.107084918775281,0.103740441046192,0.109356923751561
"Hawaii",0.0835137429277294,0.0836527733726294,0.0817549687826755,0.0813153265556125,0.0809094780650948,0.0772104542890825,0.0773971237816504,0.0767113374008201,0.079477258586366,0.0786394532906202
"Heard and McDonald Islands",0.272561795912351,0.320031977613546,0.322379028501992,0.304939274496016,0.302859883189243,0.285696259033865,0.294495734025896,0.272319866260956,0.272722078280876,0.289992005910359
"Honduras",0.477316386158519,0.39189634564,0.370603596585185,0.380909960567407,0.352609063954074,0.379261845622222,0.357814380654815,0.402695359047407,0.405006534308148,0.385594937856296
"Howland Island and Baker Island",0.228856119032801,0.20245439487234,0.204592922198582,0.195752786748227,0.149666962007979,0.185474867296099,0.168523231698582,0.20448812839539,0.161121364164007,0.22573344454078
"Iceland",1.76413454940108,1.32775613498328,1.56232741325028,1.62546882093679,1.51603859563832,1.6051359136233,1.25753138530641,1.92366532595068,1.68422837915675,1.72950085803345
"India",1.73757236533375,1.84530474375336,1.74392240537573,1.72543290532137,1.66299589366226,1.60029969193136,1.52842818935579,1.58512249595718,1.50667479658144,1.57014587098174
"Indonesia",0.695130874159025,0.661944741330783,0.629737374917839,0.642294752225386,0.656711053756367,0.688736347363715,0.646740997345715,0.664690684414741,0.720380476009976,0.713412168675414
"Iran",1.20240557949557,1.28243271480633,1.59857283924747,1.44375675805127,1.41094927933544,1.48439798892785,1.47489246604177,1.44536321079937,1.62085020651329,1.5086531833981
"Ireland",1.46843231334364,1.29365955296,1.52605244018667,1.20263413836364,1.42610831412,1.31292109907939,1.22955716807273,1.35336801161091,1.30358481192727,1.47548252834061
"Israel",0.14298248654067,0.162624666885167,0.165324702028708,0.161051725229665,0.141426984980861,0.152747095105263,0.135102234392345,0.146477004488038,0.156133235827751,0.152912000215311
"Italy",0.314857282439524,0.329059845811192,0.295994947893589,0.305116531335316,0.318334720852611,0.235747205103547,0.283891642287288,0.287379862525446,0.277562105334655,0.257120574865829
"Ivory Coast",0.820316417196154,1.12252463881731,1.21090069475577,0.916214980890385,0.856479529692308,1.095017747975,1.15465820530962,1.02473763527885,0.843235830428846,0.885199295313462
"Jamaica",0.13298623793911,0.123219367435597,0.116335350381733,0.123339771933255,0.121720233311475,0.116522228599532,0.114536518197892,0.117531471098361,0.111253523348946,0.117265632215457
"Japan",0.629824638083185,0.620807328211765,0.587384496275223,0.67359914588057,0.657364943331788,0.584950783171242,0.66711186877552,0.59916282181224,0.701755679846465,0.577559512185027
"Jarvis Island",0.312645418259459,0.217337652472973,0.220704524189189,0.209191220859459,0.189525487591892,0.208744065056757,0.202521269135135,0.207845020972973,0.205314128437838,0.222753001794595
"Jersey",2.0301175174186,1.58770026253488,1.82912738490698,2.11989000011628,1.65489055727907,2.72381916548837,1.64975255425581,1.39852524872093,1.50626187232558,1.75667540353488
"Juan de Nova Island",0.165358965383117,0.153052523568182,0.20589193736039,0.168682436909091,0.192892844116883,0.182771319902597,0.130124036045455,0.163688235564935,0.164456495448052,0.156066514217532
"Kenya",0.214529432826087,0.20403622902657,0.252390492874396,0.289015305270531,0.3608089717343,0.318171753483092,0.26986908507971,0.269970188548309,0.235162851342995,0.269343566289855
"Kerguelen Islands",0.386882805795383,0.378709676828961,0.327763833645331,0.392420935395593,0.414208620190976,0.354175786119622,0.448958763548793,0.326295660552991,0.466309352847849,0.473308508854145
"Kuwait",2.42045042895868,2.11627227426446,2.19297124631405,2.16966017423967,2.48843953563636,2.24901356901653,2.35875346676859,2.54033410606612,3.15131918458678,2.59929598546281
"Latvia",7.66786858153846,9.2319734241511,8.57567492568407,8.58331571899451,9.39990295390659,7.82021379887912,8.29436959724725,10.5956153224588,8.91885933521978,9.8627614085989
"Lebanon",0.121183001276923,0.122029455815385,0.133105947928205,0.144221189969231,0.124776223953846,0.13430506371282,0.130911074092308,0.122383999753846,0.129134457953846,0.142024839682051
"Liberia",0.455706501264657,0.358837059592965,0.44029899620603,0.398238673256281,0.446131703864322,0.502525201018425,0.53383692538861,0.446190590309883,0.531579753162479,0.450311223035176
"Libya",0.124828230078561,0.125339344581348,0.120661270861125,0.119206806138368,0.119952494456158,0.122737769062848,0.122295844284845,0.113064300827674,0.127373721207299,0.120796387003548
"Line Group",0.206680028377483,0.18567492688521,0.190113608980132,0.188005558629139,0.177983570260486,0.186139213960265,0.175724160152318,0.178886336766004,0.174628124556291,0.194074799333333
"Lithuania",6.89655027043056,7.99652281833333,7.52307316334722,7.452857861375,8.50239770798611,6.76055772997222,6.62967574538889,7.95324573186111,6.90986393473611,8.20099789191667
"Madagascar",0.335199149167848,0.324148210333867,0.34800347000686,0.34455355367185,0.406322971693574,0.377226748509261,0.324248747706151,0.338606437734965,0.34352019171324,0.340656877379373
"Madeira",0.110042076092555,0.133829867098592,0.124573237024145,0.119519495676056,0.124745404102616,0.123567081229376,0.120396768734406,0.136410731231388,0.125451668291751,0.115200844307847
"Malaysia",0.997549162903275,1.05656561188728,1.09619096780922,1.06839187237167,1.04924402078484,1.13550437222201,1.11599609681645,0.986097570084539,1.06461893731112,1.27724530175476
"Maldives",0.368665788272222,0.344364029480556,0.390282111463889,0.388307866358333,0.347983532211111,0.39802123335,0.363338633658333,0.412884055127778,0.343126698288889,0.361463178175
"Mauritania",7.60480235954301,5.12076466458961,5.13231271882796,4.69333143770251,5.51963050202151,6.31802417515233,5.49988924476523,4.79251974761649,5.76927989870251,6.39627645565054
"Mauritius",0.0895104848374291,0.0846014543610586,0.0865532608034026,0.084503723047259,0.0990484270151229,0.0966424137958412,0.0806235761625709,0.0976113584177694,0.097589539557656,0.0847544104801512
"Mayotte",0.139100999143266,0.139301802885387,0.163790377318052,0.155550165240688,0.169242445441261,0.179566880679083,0.132889851936963,0.150448625836676,0.150820565670487,0.147866155974212
"Mexico",0.615101965203357,0.882056263762506,1.02248505666009,0.947897906267125,0.827717203218004,0.75302092858968,0.688671384652433,0.803288108680712,0.823040350496057,0.923446181298107
"Micronesia",0.092521076943128,0.0634286451729858,0.0597836157061611,0.0591963667227488,0.0742089836516588,0.073116215507109,0.0614777955023697,0.0617315269905213,0.0561346487417062,0.0539520004597156
"Montserrat",0.136312309506173,0.124602418209877,0.136544354814815,0.131987867222222,0.135183629679012,0.139819486234568,0.128129432074074,0.113826583234568,0.121238684839506,0.127595785839506
"Morocco",0.640750541009817,0.763211854968586,0.648566305465969,0.757544759928665,0.71753330811911,0.695571568938482,0.629184183314791,0.724320048400524,0.623929955649869,0.834766143309555
"Mozambique",0.425241304347639,0.407359976801795,0.441882712136169,0.49350448681467,0.449431164236052,0.438736096959423,0.386006983007023,0.426807645356613,0.422001016166602,0.425178105427624
"Myanmar",2.63747532414617,2.07489373871024,2.03705294284045,1.94136564316521,1.85545894393927,1.90483151905558,1.85936478869892,1.93871112838909,1.88101233360216,2.21983627493001
"Namibia",3.54226601916003,3.76371524543109,3.84228791110647,3.45454488836577,3.37224145488831,3.97851640937557,3.55034835719856,3.94726144309798,3.74236024494448,4.13348082933899
"Netherlands",5.1537541467625,5.75881280381042,4.17632188795,7.1912264561,4.80927434065417,5.65091601285833,4.76213403397917,4.66602524919167,4.77308552809167,6.85107447291042
"Netherlands Antilles",0.195098585703125,0.224763185872396,0.234712463174479,0.212981293890625,0.224041380601563,0.204997436729167,0.197429069111979,0.195103608442708,0.208716466125,0.212236006736979
"New Caledonia",0.19409828765166,0.177028999706246,0.15274731769049,0.144322095083849,0.151217900606078,0.166993486858751,0.175417532343838,0.162376543994935,0.161268031944288,0.165984669570062
"New Zealand",0.562024443915217,0.474041474120304,0.50852347721722,0.492878098631779,0.519177344126882,0.509048346040053,0.562206537931443,0.515352816828972,0.558606491648151,0.57788550814954
"Nicaragua",0.446549649478947,0.820994238592105,0.910218414723684,0.991250439082895,0.686091347934211,0.558200667902632,0.698493695992105,0.571976763344737,0.612391801601316,0.628778682581579
"Nigeria",1.40425514205859,1.46530377643542,1.33999202520373,0.917630108673768,1.34090641158322,1.27026347966844,1.4478562965739,1.30104289975899,1.46682069806791,1.51491101008123
"Niue",0.039020402002381,0.0507152927880952,0.0602560462285714,0.0661294718952381,0.0691262095285714,0.0661587932119048,0.0752392124809524,0.0627780331452381,0.0617860602238095,0.0440333865619048
"Norfolk Island",0.142067004879795,0.164129098498721,0.176007016265985,0.143825332299233,0.151132697677749,0.160213259861893,0.151945171370844,0.137058607785166,0.145780943457801,0.145215902227621
"North Korea",1.68119187369042,1.73309733931069,1.77886891208797,1.86453879339644,1.7187895590078,1.72601017000891,1.64095820746882,1.63137513092539,1.79192702885301,1.90608408882183
"Northern Mariana Islands and Guam",0.0439618700492721,0.0455244508868981,0.0405828885475924,0.0429394484087346,0.0441030164703247,0.0466057210772676,0.0439742879932811,0.0499576340615901,0.0448825252788354,0.0402645720391937
"Norway",1.28053855409438,1.31900748680789,1.26129798113068,1.484836748129,1.31971666252634,1.18711238867293,1.20671562747813,1.17565771433274,1.5676101973911,1.34238613648166
"Oman",1.13336764430305,1.45304904823214,1.54421476963813,1.32598210933298,1.49910496555515,1.50260627950788,1.41742136625788,1.37213608802784,1.77623924421271,1.16544935261975
"Pakistan",2.09479074606659,2.28024621894649,2.22151068808204,1.95921654404875,2.64235055687634,2.53877876291439,2.05382964321641,2.46359075126159,2.32081053011296,1.95905442034958
"Palau",0.123583415445455,0.112095024990909,0.112649882845455,0.107087485629545,0.131593345797727,0.121836457206818,0.121737716436364,0.124687930715909,0.128308882225,0.101303907163636
"Panama",0.703673479422959,0.591002208106814,0.726252257069368,0.727455433887047,0.624110204466544,0.641027143557397,0.512507667565378,0.582635422650706,0.860856175012891,0.670738280485574
"Papua New Guinea",0.360440975798646,0.364392795444709,0.366405517532472,0.353070552772066,0.340958173362212,0.359292719362462,0.338139308615973,0.347208668797016,0.361627395226429,0.355473603044885
"Peru",1.88191775362314,2.41997602041046,2.47755681312846,2.85947292008975,2.65273345931689,2.50724758342493,3.17988536938494,2.98125183215228,2.87360198651297,3.02580163119736
"Philippines",0.228257338390623,0.224045001795537,0.22006600341394,0.231437037303874,0.248079229909991,0.26629617677034,0.259476916680958,0.262944126644102,0.224120598500188,0.228660902966153
"Pitcairn",0.0379569963213368,0.0279064426041131,0.027347055907455,0.0283555487352185,0.0262076946760925,0.0324064111079692,0.0280931595604113,0.0304530758354756,0.0270317443907455,0.0273752207969152
"Poland",3.75152597928053,4.73755569311641,4.31254956681107,4.39114032353626,4.01284683117176,3.47325172139695,3.43145145246183,4.61767261123092,4.53641479229389,4.40314538213168
"Portugal",0.722026413116279,0.578395668637874,0.628940204928018,0.740162265692137,0.723040691101883,0.569926414596899,0.567950386058693,0.611577944645626,0.71696109030897,0.825032516966777
"Prince Edward Islands",0.239094183759259,0.24835782669213,0.275164414856481,0.235983314571759,0.263814762203704,0.251785124247685,0.219382826655093,0.176449031701389,0.19446440080787,0.184264728689815
"Puerto Rico and Virgin Islands of the United States",0.161264981445087,0.12901084200578,0.144336501346821,0.131632530122832,0.137412742609827,0.133593453988439,0.137046296396676,0.118569027497832,0.136779530776734,0.127808358148844
"Qatar",1.22290822224918,1.11262815880984,1.43409829971475,1.31052067867869,1.38898972404918,1.43869167648197,1.43232280299672,1.41878654119344,1.43901175415082,1.5277402324623
"Republique du Congo",5.35463267683562,5.51480158216438,5.34287084232877,6.21084191555479,5.16990199880137,8.67542148852055,4.95383840039726,4.278442929,9.91991797421233,7.94325121099315
"Reunion",0.0874411622173913,0.0875868799728261,0.0990613775942029,0.0846636909347826,0.104284201320652,0.0996062802282609,0.0846564434619565,0.0958492656576087,0.0945058554275362,0.0889314788605072
"Romania",4.20697379602985,5.94168869255224,4.29064660683085,4.46750742780597,4.32137132171642,2.10627714115423,3.7419489520597,4.01442357399502,4.37587872956716,3.42099592462687
"Russia",5.17299356869202,4.97710749502951,4.61980728113474,4.98216646457373,4.86789801624158,4.73666681252535,4.78625034230388,4.65139614188596,5.06272780909332,5.38665972981909
"Saint Helena",0.111809996340796,0.100687037146766,0.115102368121891,0.0920049659228856,0.109076951007463,0.114496702186567,0.124210131833333,0.127207543716418,0.105003943552239,0.115916533248756
"Saint Kitts and Nevis",0.139470795138889,0.129157914916667,0.134823884944444,0.132024283731481,0.132563513018519,0.126441215787037,0.119730370583333,0.11437957862963,0.122815237731481,0.11672401887037
"Saint Lucia",0.186847503019868,0.211490679927152,0.198431465993377,0.216322917324503,0.207151843192053,0.291930764708609,0.233419516218543,0.200536980900662,0.219253765635762,0.297575462503311
"Saint Vincent and the Grenadines",0.302081103113281,0.313706764050781,0.328081775820313,0.3073726546875,0.263856548035156,0.404800759667969,0.322390994488281,0.256834329644531,0.325008999679687,0.381692714222656
"Samoa",0.0588889084221509,0.0559490610160514,0.0520989420850722,0.054491294565008,0.0719160829277689,0.0666894722086677,0.0631293158667737,0.0634310362568218,0.0534576022536116,0.0545614335152488
"Sao Tome and Principe",0.306969166182008,0.323741302788703,0.28838684925523,0.403404515569038,0.296882069305439,0.296040039286611,0.286593453054393,0.388987072805439,0.312911627282427,0.367839592087866
"Saudi Arabia",0.521958075777007,0.503453604952428,0.557511375572349,0.534766868099604,0.56901116462339,0.568049220123885,0.584249923177403,0.583346983296333,0.642648553315659,0.620808250612983
"Senegal",3.67516509706126,5.16959428787352,5.00000106333794,4.10319069103953,3.69888491099802,4.42790306619565,4.05274052766798,3.40039524349802,4.23853269734585,3.78183104748419
"Serbia-Montenegro",0.283147427673684,0.237344748810526,0.236719681863158,0.240612994210526,0.238068197936842,0.227315522326316,0.288410968063158,0.229110017715789,0.288096103210526,0.2459955618
"Seychelles",0.254898065025522,0.22099388963109,0.209999002835267,0.235857359412993,0.269964233772622,0.311982506431555,0.262677107343387,0.246340892703016,0.215505410740139,0.220312718020882
"Sierra Leone",1.25075485065239,1.28740517681864,1.69457712571285,1.23501536813098,1.40094622079597,1.27931648289169,1.18508026818892,1.2387466234937,1.45820171475819,1.30494953816625
"Solomon Islands",0.148822388760232,0.139456130535951,0.13539426916344,0.129808315400166,0.138076831875553,0.153717725955752,0.16400398816427,0.144776887936117,0.134088692079646,0.133022687979812
"Somalia",0.563465863275583,0.62331241641386,0.626101880014896,0.662976422954016,0.75054726046535,0.692849026705959,0.798708474467617,0.82574002626101,0.683782790647992,0.603604648687824
"South Africa",1.73144194501118,1.64268346861756,2.05044270795988,1.5161588122269,1.45089950783525,1.57216302405294,1.62497327580434,1.53203064181684,1.74127713593588,1.60484768165472
"South Georgia and the South Sandwich Islands",0.642245225466316,0.901097537170526,1.40839826549684,0.749078513525263,0.772998466915789,0.849409397055789,0.903588364297895,0.546431740614737,0.461116983791579,0.525215627385263
"South Korea",1.74815377329295,1.67271178052562,1.76078337679385,1.64499635409403,1.73532605685775,1.78833559144665,1.70820836502532,1.64719861046956,1.83413764204822,1.9264043067384
"Southern Kuriles",1.77203379656715,1.3566636599907,1.2327307695,1.54195627348347,1.68426089006715,1.08233371161157,1.31128993745558,1.41253625861674,1.56127023838223,1.41096444209711
"Spain",0.387034383144439,0.402443118828785,0.393722060583162,0.435494887986869,0.38874074115036,0.365168543233265,0.366365604256437,0.408807839509011,0.468355609918383,0.443493365005407
"Sri Lanka",0.58994955274031,0.744785868367442,0.630488646168992,0.652132946072868,0.607111126724031,0.603371088041085,0.597632785410077,0.623331675748837,0.609357055848062,0.60605179699845
"Sudan",0.301164623039252,0.309439560923364,0.28863837428972,0.287727411342056,0.393147443592523,0.374707294209346,0.390008002842991,0.402615753106542,0.385386183783178,0.361077166936449
"Suriname",2.36021034878378,2.94216879608649,2.73994352507027,3.15491604798378,2.92095655447568,2.63856119564054,2.47008726676216,2.45219607884595,2.79466802761351,2.98886921525676
"Sweden",5.09644562100907,5.51997026716402,5.18596069886017,5.7070250691644,5.46314705746334,4.88300763897657,4.65962696587453,5.7293291365839,5.97214285360204,6.52347068019728
"Syria",0.14034855875,0.16213174959375,0.145278981226562,0.136078730609375,0.142069186507813,0.154630779171875,0.134809878617187,0.128103987179687,0.140990413226562,0.157805805585937
"Taiwan",0.365749341149079,0.425758457988275,0.422637403685092,0.485150557904523,0.400294201521776,0.39660610689196,0.43762051520268,0.43642292828727,0.434130400788107,0.426470122935511
"Tanzania",0.256626868194884,0.221809397941535,0.238979306679659,0.274965687682095,0.319801407057247,0.285416566470158,0.255114740619976,0.244689843939099,0.233214650052375,0.234604233548112
"Thailand",0.787618648461539,0.60937196105503,0.649026520405917,0.593327201994083,0.643421320504734,0.641121337002959,0.614141022614793,0.649249628464497,0.565738999221302,0.707249643876923
"Togo",0.556717125319149,0.417425903297872,0.452950780191489,0.452129157085106,0.469336611106383,0.663243681042553,0.612682537297872,0.46207123106383,0.607325838531915,0.470707421893617
"Tokelau",0.0806811053091398,0.0836018624677419,0.0927287371129032,0.0841213602580645,0.086931717577957,0.0857021890134409,0.0785797336209677,0.0809971230645161,0.0556125668521505,0.0723844562634409
"Tonga",0.07638135444,0.12817098774,0.115720197728889,0.111992502946667,0.101828200864444,0.105370427911111,0.123593073355556,0.108999890917778,0.118320227182222,0.131821080984444
"Trinidad and Tobago",2.54457699648773,2.68575430241718,2.75309260190184,1.95996418558896,2.31740927826687,2.46097762116564,2.44731100641104,2.48465251372393,2.78407409579141,2.5317138557454
"Tunisia",0.587373145050701,0.659250748439051,0.582168979570658,0.600304246953614,0.565832325641855,0.656035025779935,0.610248095033441,0.641762803407767,0.649612821760518,0.645840952949299
"Turkey",0.92863190199395,1.08416310110415,0.884311033460242,1.14667216440017,0.800353793977528,0.713809010963699,0.776240415661193,0.693373398377269,0.840034112181936,0.669152685878565
"Turks and Caicos Islands",0.246562734,0.263411836409449,0.263185948632546,0.260852925598425,0.254941418461942,0.24522972652231,0.235604308506562,0.281508249501312,0.253232491650919,0.251404930698163
"Tuvalu",0.0782883874677419,0.0714582662634409,0.0615418231774194,0.0629256072284946,0.0814866305510753,0.0862493981935484,0.075495742327957,0.0846726391666667,0.0589147340456989,0.0656921337795699
"Ukraine",4.26180210134738,4.35270102650654,4.07239632950872,3.69354183462282,3.04891341711047,2.84265709448183,3.69284634371003,4.59863649588009,4.28464171055378,5.16660149857994
"United Arab Emirates",1.24461436921992,1.29793631700752,1.43708619090038,1.46854692414286,1.48958271836466,1.52889932405263,1.52026226031203,1.45903555184023,1.63032477856203,1.63347008757143
"United Kingdom",1.97580092333749,1.97093371743456,2.14252883077995,2.36240924630645,1.99270977923191,1.92837196114195,1.87582612258877,1.78959412191321,2.00187305381,2.08757797104883
"United States",2.33108855367818,2.18204712018336,2.008628824284,2.26861165891507,2.25032654572635,2.3108566916114,2.20721395598755,2.47077816913903,2.29530264436393,2.27396754924002
"Uruguay",7.86559008431337,5.68112160257884,5.03751222520958,7.17430015062874,7.52275617592016,7.15401562416766,5.02093861926547,6.33433487033134,5.6215358583992,6.06892075813772
"Vanuatu",0.113826562971036,0.117628605810015,0.112556099285223,0.113421203039273,0.0991557128870889,0.107490447083947,0.107611873922926,0.107610554552283,0.122827298454099,0.119552037375552
"Venezuela",2.67736899462267,2.661469004788,2.578340040656,2.215772896296,2.39370970741,2.24746063969,2.55256108874467,2.66290067384333,2.85136764348333,2.914696108426
"Viet Nam",0.866396536970031,0.995253295775631,1.03526228770741,1.09378928953312,1.05378012816009,1.02632521782256,1.00801709239314,1.1102924529164,1.04859507710331,1.01823995680008
"Wake Island",0.0467737371755319,0.0518819286755319,0.0473221464893617,0.0494421023909574,0.0507355800930851,0.0495057166702128,0.0490268574760638,0.0477324607047872,0.0552498367898936,0.0456723229734043
"Wallis and Futuna",0.0594346279230769,0.055438545439206,0.0567657001761787,0.0549719772531017,0.0518930754962779,0.0646847019627792,0.0600646587990074,0.0627794762431762,0.0562852181885856,0.0505783255707196
"Western Sahara",2.57375220030515,2.45970244883188,2.46821114138873,2.64273385724879,3.00549842033528,2.68421218508552,2.63802276125753,2.41466891603499,2.31569522229738,2.50560505188824
"Yemen",0.8012736439973,0.784566264230423,0.74063853069577,0.650572060574257,0.784827418342034,0.738268416013501,0.896458030548605,0.775999784018002,0.787758964613861,0.639989470025653
